condition	equilibrium_density	protofilaments	kon	alpha
1nM	0.00420	13	0.00004	0.00258
6nM	0.07300	13	0.00075	0.04492
antiparallel	0.06800	1	0.01909	0.54400
antiparallel	0.06800	2	0.00598	0.27200
antiparallel	0.06800	3	0.00354	0.18133
parallel	0.02000	1	0.00305	0.16000
parallel	0.02000	2	0.00139	0.08000
parallel	0.02000	3	0.00090	0.05333
